--Table_1
CREATE TABLE Students (
    student_id SERIAL PRIMARY KEY,
    first_name VARCHAR(50),
    last_name VARCHAR(50),
    age INTEGER,
    grade_level INTEGER,
    email VARCHAR(100) UNIQUE
);

INSERT INTO Students (student_id, first_name, last_name, age, grade_level, email) VALUES
(1, 'Aarav', 'Sharma', 16, 11, 'aarav.sharma@example.com'),
(2, 'Priya', 'Verma', 15, 10, 'priya.verma@example.com'),
(3, 'Aryan', 'Gupta', 17, 12, 'aryan.gupta@example.com'),
(4, 'Siya', 'Mehta', 14, 9, 'siya.mehta@example.com'),
(5, 'Rohan', 'Yadav', 16, 11, 'rohan.yadav@example.com'),
(6, 'Ananya', 'Singh', 15, 10, 'ananya.singh@example.com'),
(7, 'Veer', 'Kumar', 17, 12, 'veer.kumar@example.com'),
(8, 'Diya', 'Patel', 14, 9, 'diya.patel@example.com'),
(9, 'Ishaan', 'Reddy', 16, 11, 'ishaan.reddy@example.com'),
(10, 'Navya', 'Mishra', 15, 10, 'navya.mishra@example.com'),
(11, 'Karan', 'Das', 17, 12, 'karan.das@example.com'),
(12, 'Tanvi', 'Joshi', 14, 9, 'tanvi.joshi@example.com'),
(13, 'Advait', 'Pillai', 16, 11, 'advait.pillai@example.com'),
(14, 'Saanvi', 'Nair', 15, 10, 'saanvi.nair@example.com'),
(15, 'Dhruv', 'Soni', 17, 12, 'dhruv.soni@example.com'),
(16, 'Aanya', 'Shah', 14, 9, 'aanya.shah@example.com'),
(17, 'Vivaan', 'Rao', 16, 11, 'vivaan.rao@example.com'),
(18, 'Myra', 'Malhotra', 15, 10, 'myra.malhotra@example.com'),
(19, 'Arjun', 'Bhatnagar', 17, 12, 'arjun.bhatnagar@example.com'),
(20, 'Zara', 'Chopra', 14, 9, 'zara.chopra@example.com'),
(21, 'Kabir', 'Khanna', 16, 11, 'kabir.khanna@example.com'),
(22, 'Ira', 'Vohra', 15, 10, 'ira.vohra@example.com'),
(23, 'Neil', 'Bajaj', 17, 12, 'neil.bajaj@example.com'),
(24, 'Rhea', 'Kapoor', 14, 9, 'rhea.kapoor@example.com'),
(25, 'Sahil', 'Srivastava', 16, 11, 'sahil.srivastava@example.com'),
(26, 'Anika', 'Verma', 15, 10, 'anika.verma2@example.com'),
(27, 'Dev', 'Sharma', 17, 12, 'dev.sharma@example.com'),
(28, 'Siara', 'Gupta', 14, 9, 'siara.gupta@example.com'),
(29, 'Manav', 'Mehta', 16, 11, 'manav.mehta@example.com'),
(30, 'Aisha', 'Yadav', 15, 10, 'aisha.yadav@example.com'),
(31, 'Vikram', 'Singh', 17, 12, 'vikram.singh@example.com'),
(32, 'Pari', 'Kumar', 14, 9, 'pari.kumar@example.com'),
(33, 'Aditya', 'Patel', 16, 11, 'aditya.patel@example.com'),
(34, 'Sneha', 'Reddy', 15, 10, 'sneha.reddy@example.com'),
(35, 'Rohit', 'Mishra', 17, 12, 'rohit.mishra@example.com'),
(36, 'Meera', 'Das', 14, 9, 'meera.das@example.com'),
(37, 'Siddharth', 'Joshi', 16, 11, 'siddharth.joshi@example.com'),
(38, 'Kavya', 'Pillai', 15, 10, 'kavya.pillai@example.com'),
(39, 'Yash', 'Nair', 17, 12, 'yash.nair@example.com'),
(40, 'Tara', 'Soni', 14, 9, 'tara.soni@example.com'),
(41, 'Rishi', 'Shah', 16, 11, 'rishi.shah@example.com'),
(42, 'Naina', 'Rao', 15, 10, 'naina.rao@example.com'),
(43, 'Samar', 'Malhotra', 17, 12, 'samar.malhotra@example.com'),
(44, 'Alia', 'Bhatnagar', 14, 9, 'alia.bhatnagar@example.com'),
(45, 'Aryan', 'Chopra', 16, 11, 'aryan.chopra2@example.com'),
(46, 'Siya', 'Khanna', 15, 10, 'siya.khanna@example.com'),
(47, 'Rohan', 'Vohra', 17, 12, 'rohan.vohra@example.com'),
(48, 'Ananya', 'Bajaj', 14, 9, 'ananya.bajaj@example.com'),
(49, 'Veer', 'Kapoor', 16, 11, 'veer.kapoor@example.com'),
(50, 'Diya', 'Srivastava', 15, 10, 'diya.srivastava@example.com'),
(51, 'Ishaan', 'Sharma', 17, 12, 'ishaan.sharma@example.com'),
(52, 'Navya', 'Verma', 14, 9, 'navya.verma@example.com'),
(53, 'Karan', 'Gupta', 16, 11, 'karan.gupta@example.com'),
(54, 'Tanvi', 'Mehta', 15, 10, 'tanvi.mehta@example.com'),
(55, 'Advait', 'Yadav', 17, 12, 'advait.yadav@example.com'),
(56, 'Saanvi', 'Singh', 14, 9, 'saanvi.singh@example.com'),
(57, 'Dhruv', 'Kumar', 16, 11, 'dhruv.kumar@example.com'),
(58, 'Aanya', 'Patel', 15, 10, 'aanya.patel@example.com'),
(59, 'Vivaan', 'Reddy', 17, 12, 'vivaan.reddy@example.com'),
(60, 'Myra', 'Mishra', 14, 9, 'myra.mishra@example.com'),
(61, 'Arjun', 'Das', 16, 11, 'arjun.das@example.com'),
(62, 'Zara', 'Joshi', 15, 10, 'zara.joshi@example.com'),
(63, 'Kabir', 'Pillai', 17, 12, 'kabir.pillai@example.com'),
(64, 'Ira', 'Nair', 14, 9, 'ira.nair@example.com'),
(65, 'Neil', 'Soni', 16, 11, 'neil.soni@example.com'),
(66, 'Rhea', 'Shah', 15, 10, 'rhea.shah@example.com'),
(67, 'Sahil', 'Rao', 17, 12, 'sahil.rao@example.com'),
(68, 'Anika', 'Malhotra', 14, 9, 'anika.malhotra@example.com'),
(69, 'Dev', 'Bhatnagar', 16, 11, 'dev.bhatnagar@example.com'),
(70, 'Siara', 'Chopra', 15, 10, 'siara.chopra@example.com'),
(71, 'Manav', 'Khanna', 17, 12, 'manav.khanna@example.com'),
(72, 'Aisha', 'Vohra', 14, 9, 'aisha.vohra@example.com'),
(73, 'Vikram', 'Bajaj', 16, 11, 'vikram.bajaj@example.com'),
(74, 'Pari', 'Kapoor', 15, 10, 'pari.kapoor@example.com'),
(75, 'Aditya', 'Srivastava', 17, 12, 'aditya.srivastava@example.com'),
(76, 'Sneha', 'Sharma', 14, 9, 'sneha.sharma@example.com'),
(77, 'Rohit', 'Verma', 16, 11, 'rohit.verma@example.com'),
(78, 'Meera', 'Gupta', 15, 10, 'meera.gupta@example.com'),
(79, 'Siddharth', 'Mehta', 17, 12, 'siddharth.mehta@example.com'),
(80, 'Kavya', 'Yadav', 14, 9, 'kavya.yadav@example.com'),
(81, 'Yash', 'Singh', 16, 11, 'yash.singh@example.com'),
(82, 'Tara', 'Kumar', 15, 10, 'tara.kumar@example.com'),
(83, 'Rishi', 'Patel', 17, 12, 'rishi.patel@example.com'),
(84, 'Naina', 'Reddy', 14, 9, 'naina.reddy@example.com'),
(85, 'Samar', 'Mishra', 16, 11, 'samar.mishra@example.com'),
(86, 'Alia', 'Das', 15, 10, 'alia.das@example.com'),
(87, 'Aryan', 'Joshi', 17, 12, 'aryan.joshi@example.com'),
(88, 'Siya', 'Pillai', 14, 9, 'siya.pillai@example.com'),
(89, 'Rohan', 'Nair', 16, 11, 'rohan.nair@example.com'),
(90, 'Ananya', 'Soni', 15, 10, 'ananya.soni@example.com'),
(91, 'Veer', 'Shah', 17, 12, 'veer.shah@example.com'),
(92, 'Diya', 'Rao', 14, 9, 'diya.rao@example.com'),
(93, 'Ishaan', 'Malhotra', 16, 11, 'ishaan.malhotra@example.com'),
(94, 'Navya', 'Bhatnagar', 15, 10, 'navya.bhatnagar@example.com'),
(95, 'Karan', 'Chopra', 17, 12, 'karan.chopra@example.com'),
(96, 'Tanvi', 'Khanna', 14, 9, 'tanvi.khanna@example.com'),
(97, 'Advait', 'Vohra', 16, 11, 'advait.vohra@example.com'),
(98, 'Saanvi', 'Bajaj', 15, 10, 'saanvi.bajaj@example.com'),
(99, 'Dhruv', 'Kapoor', 17, 12, 'dhruv.kapoor@example.com'),
(100, 'Aanya', 'Srivastava', 14, 9, 'aanya.srivastava@example.com');

--Table_2
CREATE TABLE Exams (
    exam_id SERIAL PRIMARY KEY,
    exam_name VARCHAR(100),
    subject VARCHAR(50),
    total_marks INTEGER,
    passing_marks INTEGER,
    exam_date DATE
);

INSERT INTO Exams (exam_id, exam_name, subject, total_marks, passing_marks, exam_date) VALUES
(1, 'Midterm Exam 1', 'Mathematics', 100, 50, '2024-03-15'),
(2, 'Midterm Exam 2', 'Physics', 100, 50, '2024-03-18'),
(3, 'Final Exam', 'Mathematics', 150, 75, '2024-05-10'),
(4, 'Final Exam', 'Physics', 150, 75, '2024-05-13'),
(5, 'Quiz 1', 'Chemistry', 20, 10, '2024-02-01'),
(6, 'Quiz 2', 'Chemistry', 25, 12, '2024-02-15'),
(7, 'Midterm Exam', 'Chemistry', 100, 50, '2024-03-20'),
(8, 'Final Exam', 'Chemistry', 150, 75, '2024-05-15'),
(9, 'Midterm Exam', 'Biology', 100, 50, '2024-03-22'),
(10, 'Final Exam', 'Biology', 150, 75, '2024-05-17'),
(11, 'Class Test 1', 'English', 50, 25, '2024-01-25'),
(12, 'Class Test 2', 'English', 60, 30, '2024-02-22'),
(13, 'Midterm Exam', 'English', 100, 50, '2024-03-25'),
(14, 'Final Exam', 'English', 150, 75, '2024-05-20'),
(15, 'Midterm Exam', 'History', 100, 50, '2024-03-27'),
(16, 'Final Exam', 'History', 150, 75, '2024-05-22'),
(17, 'Midterm Exam', 'Geography', 100, 50, '2024-03-29'),
(18, 'Final Exam', 'Geography', 150, 75, '2024-05-24'),
(19, 'Unit Test 1', 'Computer Science', 40, 20, '2024-02-05'),
(20, 'Unit Test 2', 'Computer Science', 50, 25, '2024-02-28'),
(21, 'Midterm Exam', 'Computer Science', 100, 50, '2024-04-01'),
(22, 'Final Exam', 'Computer Science', 150, 75, '2024-05-27'),
(23, 'Semester 1 Exam', 'Physics', 200, 100, '2024-06-01'),
(24, 'Semester 1 Exam', 'Chemistry', 200, 100, '2024-06-03'),
(25, 'Semester 1 Exam', 'Mathematics', 200, 100, '2024-06-05'),
(26, 'Semester 2 Exam', 'Physics', 200, 100, '2024-12-01'),
(27, 'Semester 2 Exam', 'Chemistry', 200, 100, '2024-12-03'),
(28, 'Semester 2 Exam', 'Mathematics', 200, 100, '2024-12-05'),
(29, 'Annual Exam', 'Biology', 200, 100, '2024-12-10'),
(30, 'Annual Exam', 'English', 200, 100, '2024-12-12'),
(31, 'Annual Exam', 'History', 200, 100, '2024-12-14'),
(32, 'Annual Exam', 'Geography', 200, 100, '2024-12-16'),
(33, 'Annual Exam', 'Computer Science', 200, 100, '2024-12-18'),
(34, 'Prelim Exam 1', 'Mathematics', 120, 60, '2024-04-01'),
(35, 'Prelim Exam 1', 'Physics', 120, 60, '2024-04-03'),
(36, 'Prelim Exam 2', 'Mathematics', 120, 60, '2024-04-15'),
(37, 'Prelim Exam 2', 'Physics', 120, 60, '2024-04-17'),
(38, 'Mock Test 1', 'English', 80, 40, '2024-03-08'),
(39, 'Mock Test 2', 'English', 80, 40, '2024-03-22'),
(40, 'Board Exam', 'Mathematics', 100, 35, '2025-03-01'),
(41, 'Board Exam', 'Physics', 100, 35, '2025-03-05'),
(42, 'Board Exam', 'Chemistry', 100, 35, '2025-03-10'),
(43, 'Board Exam', 'Biology', 100, 35, '2025-03-15'),
(44, 'Board Exam', 'English', 100, 35, '2025-03-20'),
(45, 'Board Exam', 'History', 100, 35, '2025-03-25'),
(46, 'Board Exam', 'Geography', 100, 35, '2025-03-30'),
(47, 'Board Exam', 'Computer Science', 100, 35, '2025-04-05'),
(48, 'Entrance Exam', 'Mathematics', 120, 60, '2025-05-01'),
(49, 'Entrance Exam', 'Physics', 120, 60, '2025-05-03'),
(50, 'Entrance Exam', 'Chemistry', 120, 60, '2025-05-05'),
(51, 'Advanced Exam 1', 'Mathematics', 180, 90, '2025-05-10'),
(52, 'Advanced Exam 1', 'Physics', 180, 90, '2025-05-12'),
(53, 'Advanced Exam 2', 'Mathematics', 180, 90, '2025-05-15'),
(54, 'Advanced Exam 2', 'Physics', 180, 90, '2025-05-17'),
(55, 'Olympiad 1', 'Mathematics', 100, 50, '2024-08-01'),
(56, 'Olympiad 1', 'Physics', 100, 50, '2024-08-03'),
(57, 'Olympiad 2', 'Mathematics', 100, 50, '2024-08-15'),
(58, 'Olympiad 2', 'Physics', 100, 50, '2024-08-17'),
(59, 'Regional Exam', 'Mathematics', 120, 60, '2024-09-01'),
(60, 'Regional Exam', 'Physics', 120, 60, '2024-09-03'),
(61, 'National Exam', 'Mathematics', 150, 75, '2024-10-01'),
(62, 'National Exam', 'Physics', 150, 75, '2024-10-03'),
(63, 'International Exam', 'Mathematics', 200, 100, '2024-11-01'),
(64, 'International Exam', 'Physics', 200, 100, '2024-11-03'),
(65, 'Preliminary Exam', 'Biology', 100, 50, '2025-02-01'),
(66, 'Qualifying Exam', 'Biology', 120, 60, '2025-02-15'),
(67, 'Certification Exam', 'Computer Science', 100, 60, '2024-07-01'),
(68, 'Aptitude Test', 'English', 75, 38, '2024-07-15'),
(69, 'Proficiency Test', 'English', 80, 40, '2024-08-01'),
(70, 'Assessment Exam', 'History', 90, 45, '2024-09-01'),
(71, 'Evaluation Exam', 'History', 100, 50, '2024-10-01'),
(72, 'Review Exam', 'Geography', 85, 43, '2024-09-15'),
(73, 'Progress Exam', 'Geography', 95, 48, '2024-10-15'),
(74, 'Diagnostic Test', 'Mathematics', 60, 30, '2024-02-10'),
(75, 'Placement Exam', 'Mathematics', 70, 35, '2024-02-20'),
(76, 'Retake Exam', 'Physics', 100, 50, '2024-07-01'),
(77, 'Makeup Exam', 'Chemistry', 100, 50, '2024-07-01'),
(78, 'Summer Exam', 'Biology', 120, 60, '2024-07-10'),
(79, 'Winter Exam', 'English', 120, 60, '2024-01-10'),
(80, 'Spring Exam', 'History', 120, 60, '2024-04-10'),
(81, 'Autumn Exam', 'Geography', 120, 60, '2024-10-10'),
(82, 'Term Exam 1', 'Computer Science', 80, 40, '2024-09-20'),
(83, 'Term Exam 2', 'Computer Science', 90, 45, '2024-11-20'),
(84, 'Half Yearly Exam', 'Mathematics', 100, 50, '2024-09-25'),
(85, 'Quarterly Exam 1', 'Physics', 60, 30, '2024-04-20'),
(86, 'Quarterly Exam 2', 'Physics', 60, 30, '2024-07-20'),
(87, 'Monthly Test 1', 'Chemistry', 30, 15, '2024-02-08'),
(88, 'Monthly Test 2', 'Chemistry', 30, 15, '2024-03-08'),
(89, 'Weekly Quiz 1', 'Biology', 20, 10, '2024-01-08'),
(90, 'Weekly Quiz 2', 'Biology', 20, 10, '2024-01-15'),
(91, 'Practice Exam 1', 'English', 70, 35, '2024-02-08'),
(92, 'Practice Exam 2', 'English', 70, 35, '2024-02-15'),
(93, 'Internal Exam 1', 'History', 60, 30, '2024-03-08'),
(94, 'Internal Exam 2', 'History', 60, 30, '2024-03-15'),
(95, 'External Exam', 'Geography', 100, 50, '2024-10-20'),
(96, 'Final Assessment', 'Computer Science', 120, 60, '2024-12-15'),
(97, 'Comprehensive Exam', 'Mathematics', 180, 90, '2025-01-15'),
(98, 'Qualifying Test', 'Physics', 150, 75, '2025-02-10'),
(99, 'Entrance Test', 'Chemistry', 120, 60, '2025-02-20'),
(100, 'Admission Exam', 'Biology', 100, 50, '2025-03-01');

--Table_3
CREATE TABLE Results (
    result_id SERIAL PRIMARY KEY,
    student_id INTEGER REFERENCES Students(student_id),
    exam_id INTEGER REFERENCES Exams(exam_id),
    marks_obtained INTEGER,
    percentage NUMERIC(5, 2),
    result_status VARCHAR(10)
);


INSERT INTO Results (result_id, student_id, exam_id, marks_obtained, percentage, result_status) VALUES
(1, 1, 1, 85, 85.00, 'Pass'),
(2, 2, 1, 60, 60.00, 'Pass'),
(3, 3, 2, 92, 92.00, 'Pass'),
(4, 4, 2, 78, 78.00, 'Pass'),
(5, 5, 3, 120, 80.00, 'Pass'),
(6, 6, 3, 105, 70.00, 'Pass'),
(7, 7, 4, 130, 86.67, 'Pass'),
(8, 8, 4, 110, 73.33, 'Pass'),
(9, 9, 5, 18, 90.00, 'Pass'),
(10, 10, 5, 15, 75.00, 'Pass'),
(11, 11, 6, 22, 88.00, 'Pass'),
(12, 12, 6, 19, 76.00, 'Pass'),
(13, 13, 7, 70, 70.00, 'Pass'),
(14, 14, 7, 55, 55.00, 'Pass'),
(15, 15, 8, 125, 83.33, 'Pass'),
(16, 16, 8, 100, 66.67, 'Pass'),
(17, 17, 9, 88, 88.00, 'Pass'),
(18, 18, 9, 72, 72.00, 'Pass'),
(19, 19, 10, 135, 90.00, 'Pass'),
(20, 20, 10, 115, 76.67, 'Pass'),
(21, 1, 11, 40, 80.00, 'Pass'),
(22, 2, 11, 20, 40.00, 'Fail'),
(23, 3, 12, 50, 83.33, 'Pass'),
(24, 4, 12, 25, 41.67, 'Fail'),
(25, 5, 13, 90, 90.00, 'Pass'),
(26, 6, 13, 65, 65.00, 'Pass'),
(27, 7, 14, 130, 86.67, 'Pass'),
(28, 8, 14, 110, 73.33, 'Pass'),
(29, 9, 15, 80, 80.00, 'Pass'),
(30, 10, 15, 65, 65.00, 'Pass'),
(31, 11, 16, 120, 80.00, 'Pass'),
(32, 12, 16, 50, 33.33, 'Fail'),
(33, 13, 17, 92, 92.00, 'Pass'),
(34, 14, 17, 78, 78.00, 'Pass'),
(35, 15, 18, 140, 93.33, 'Pass'),
(36, 16, 18, 120, 80.00, 'Pass'),
(37, 17, 19, 35, 87.50, 'Pass'),
(38, 18, 19, 20, 50.00, 'Fail'),
(39, 19, 20, 42, 84.00, 'Pass'),
(40, 20, 20, 35, 70.00, 'Pass'),
(41, 1, 21, 95, 95.00, 'Pass'),
(42, 2, 21, 80, 80.00, 'Pass'),
(43, 3, 22, 140, 93.33, 'Pass'),
(44, 4, 22, 125, 83.33, 'Pass'),
(45, 5, 23, 190, 95.00, 'Pass'),
(46, 6, 23, 180, 90.00, 'Pass'),
(47, 7, 24, 195, 97.50, 'Pass'),
(48, 8, 24, 185, 92.50, 'Pass'),
(49, 9, 25, 198, 99.00, 'Pass'),
(50, 10, 25, 190, 95.00, 'Pass'),
(51, 11, 26, 180, 90.00, 'Pass'),
(52, 12, 26, 160, 80.00, 'Pass'),
(53, 13, 27, 185, 92.50, 'Pass'),
(54, 14, 27, 170, 85.00, 'Pass'),
(55, 15, 28, 192, 96.00, 'Pass'),
(56, 16, 28, 150, 75.00, 'Pass'),
(57, 17, 29, 190, 95.00, 'Pass'),
(58, 18, 29, 175, 87.50, 'Pass'),
(59, 19, 30, 188, 94.00, 'Pass'),
(60, 20, 30, 178, 89.00, 'Pass'),
(61, 1, 31, 195, 97.50, 'Pass'),
(62, 2, 31, 185, 92.50, 'Pass'),
(63, 3, 32, 192, 96.00, 'Pass'),
(64, 4, 32, 180, 90.00, 'Pass'),
(65, 5, 33, 198, 99.00, 'Pass'),
(66, 6, 33, 190, 95.00, 'Pass'),
(67, 7, 34, 110, 91.67, 'Pass'),
(68, 8, 34, 95, 79.17, 'Pass'),
(69, 9, 35, 115, 95.83, 'Pass'),
(70, 10, 35, 60, 50.00, 'Fail'),
(71, 11, 36, 108, 90.00, 'Pass'),
(72, 12, 36, 92, 76.67, 'Pass'),
(73, 13, 37, 112, 93.33, 'Pass'),
(74, 14, 37, 98, 81.67, 'Pass'),
(75, 15, 38, 75, 93.75, 'Pass'),
(76, 16, 38, 55, 68.75, 'Fail'),
(77, 17, 39, 78, 97.50, 'Pass'),
(78, 18, 39, 65, 81.25, 'Pass'),
(79, 19, 40, 95, 95.00, 'Pass'),
(80, 20, 40, 70, 70.00, 'Pass'),
(81, 1, 41, 92, 92.00, 'Pass'),
(82, 2, 41, 78, 78.00, 'Pass'),
(83, 3, 42, 90, 90.00, 'Pass'),
(84, 4, 42, 75, 75.00, 'Pass'),
(85, 5, 43, 94, 94.00, 'Pass'),
(86, 6, 43, 60, 60.00, 'Fail'),
(87, 7, 44, 96, 96.00, 'Pass'),
(88, 8, 44, 85, 85.00, 'Pass'),
(89, 9, 45, 93, 93.00, 'Pass'),
(90, 10, 45, 82, 82.00, 'Pass'),
(91, 11, 46, 97, 97.00, 'Pass'),
(92, 12, 46, 88, 88.00, 'Pass'),
(93, 13, 47, 99, 99.00, 'Pass'),
(94, 14, 47, 90, 90.00, 'Pass'),
(95, 15, 48, 115, 95.83, 'Pass'),
(96, 16, 48, 100, 83.33, 'Pass'),
(97, 17, 49, 118, 98.33, 'Pass'),
(98, 18, 49, 105, 87.50, 'Pass'),
(99, 19, 50, 110, 91.67, 'Pass'),
(100, 20, 50, 98, 81.67, 'Pass');

--Table_4
CREATE TABLE Questions (
    question_id SERIAL PRIMARY KEY,
    exam_id INTEGER REFERENCES Exams(exam_id),
    question_text TEXT,
    question_type VARCHAR(20),
    marks_allocated INTEGER,
    difficulty_level INTEGER
);

INSERT INTO Questions (question_id, exam_id, question_text, question_type, marks_allocated, difficulty_level) VALUES
(1, 1, 'What is the value of pi?', 'Multiple Choice', 1, 1),
(2, 1, 'Solve for x: 2x + 5 = 10', 'Numeric', 2, 1),
(3, 1, 'Explain the concept of limits.', 'Essay', 5, 3),
(4, 2, 'What is Newton/s first law of motion?', 'Multiple Choice', 1, 1),
(5, 2, 'Calculate the acceleration of an object with mass 10kg and force 50N.', 'Numeric', 2, 2),
(6, 2, 'Describe the process of radioactive decay.', 'Essay', 5, 3),
(7, 3, 'Integrate the function f(x) = x^2 + 2x + 1.', 'Numeric', 3, 2),
(8, 3, 'Define a definite integral.', 'Short Answer', 2, 2),
(9, 3, 'Discuss the applications of calculus in real life.', 'Essay', 5, 3),
(10, 4, 'What is the law of conservation of energy?', 'Multiple Choice', 1, 1),
(11, 4, 'Explain the difference between potential and kinetic energy.', 'Short Answer', 2, 2),
(12, 4, 'Describe the working principle of a nuclear reactor.', 'Essay', 5, 3),
(13, 5, 'What is the atomic number of carbon?', 'Multiple Choice', 1, 1),
(14, 5, 'Write the balanced chemical equation for the combustion of methane.', 'Numeric', 2, 2),
(15, 5, 'Explain the concept of chemical equilibrium.', 'Essay', 5, 3),
(16, 6, 'What are the different types of chemical bonds?', 'Short Answer', 3, 2),
(17, 6, 'Calculate the pH of a 0.1M solution of HCl.', 'Numeric', 2, 2),
(18, 6, 'Discuss the importance of catalysts in chemical reactions.', 'Essay', 5, 3),
(19, 7, 'What is the role of the mitochondria in a cell?', 'Multiple Choice', 1, 1),
(20, 7, 'Describe the process of photosynthesis.', 'Short Answer', 3, 2),
(21, 8, 'Explain the theory of evolution by natural selection.', 'Essay', 5, 3),
(22, 9, 'What is the function of the ribosome?', 'Multiple Choice', 1, 1),
(23, 9, 'Describe the structure of DNA.', 'Short Answer', 3, 2),
(24, 10, 'Explain the process of meiosis.', 'Essay', 5, 3),
(25, 11, 'What is a noun?', 'Multiple Choice', 1, 1),
(26, 11, 'Identify the nouns in the following sentence: "The quick brown fox jumps over the lazy dog."', 'Short Answer', 2, 1),
(27, 11, 'Write an essay about your favorite book.', 'Essay', 5, 3),
(28, 12, 'What is a verb?', 'Multiple Choice', 1, 1),
(29, 12, 'Identify the verbs in the following sentence: "The cat sat on the mat."', 'Short Answer', 2, 1),
(30, 12, 'Explain the difference between a transitive and an intransitive verb.', 'Essay', 5, 2),
(31, 13, 'What is a metaphor?', 'Multiple Choice', 1, 2),
(32, 13, 'Give an example of a metaphor.', 'Short Answer', 2, 2),
(33, 13, 'Analyze the use of metaphors in Shakespearean sonnets.', 'Essay', 5, 3),
(34, 14, 'Who wrote "Pride and Prejudice"?', 'Multiple Choice', 1, 1),
(35, 14, 'Summarize the plot of "Pride and Prejudice".', 'Short Answer', 3, 2),
(36, 14, 'Discuss the themes of love and social class in "Pride and Prejudice".', 'Essay', 5, 3),
(37, 15, 'What were the main causes of World War I?', 'Multiple Choice', 1, 2),
(38, 15, 'Describe the Treaty of Versailles.', 'Short Answer', 3, 2),
(39, 15, 'Analyze the impact of World War I on European society.', 'Essay', 5, 3),
(40, 16, 'Who was Julius Caesar?', 'Multiple Choice', 1, 1),
(41, 16, 'Describe the rise and fall of the Roman Empire.', 'Short Answer', 3, 2),
(42, 16, 'Discuss the contributions of ancient Rome to modern civilization.', 'Essay', 5, 3),
(43, 17, 'What is the difference between latitude and longitude?', 'Multiple Choice', 1, 1),
(44, 17, 'Explain the concept of plate tectonics.', 'Short Answer', 3, 2),
(45, 17, 'Describe the causes and effects of climate change.', 'Essay', 5, 3),
(46, 18, 'What are the different types of maps?', 'Short Answer', 2, 2),
(47, 18, 'Explain the concept of a time zone.', 'Short Answer', 2, 2),
(48, 18, 'Discuss the impact of globalization on world geography.', 'Essay', 5, 3),
(49, 19, 'What is an algorithm?', 'Multiple Choice', 1, 1),
(50, 19, 'Write an algorithm to sort a list of numbers.', 'Numeric', 3, 2),
(51, 19, 'Explain the concept of recursion.', 'Essay', 5, 3),
(52, 20, 'What is a data structure?', 'Multiple Choice', 1, 1),
(53, 20, 'Describe the difference between a stack and a queue.', 'Short Answer', 2, 2),
(54, 20, 'Discuss the advantages and disadvantages of using a relational database.', 'Essay', 5, 3),
(55, 21, 'What is object-oriented programming?', 'Short Answer', 3, 2),
(56, 21, 'Explain the concepts of inheritance and polymorphism.', 'Essay', 5, 3),
(57, 21, 'Write a program to implement a simple class.', 'Numeric', 4, 2),
(58, 22, 'What is a database?', 'Multiple Choice', 1, 1),
(59, 22, 'Explain the difference between SQL and NoSQL databases.', 'Short Answer', 3, 2),
(60, 22, 'Design a database schema for an e-commerce website.', 'Essay', 5, 3),
(61, 23, 'What is the Doppler effect?', 'Multiple Choice', 1, 2),
(62, 23, 'Explain the concept of wave interference.', 'Short Answer', 2, 2),
(63, 23, 'Discuss the applications of sound waves in medicine.', 'Essay', 5, 3),
(64, 24, 'What is the greenhouse effect?', 'Multiple Choice', 1, 1),
(65, 24, 'Describe the layers of the Earth\s atmosphere.', 'Short Answer', 3, 2),
(66, 24, 'Analyze the impact of human activities on the environment.', 'Essay', 5, 3),
(67, 25, 'What is the value of log base 10 of 100?', 'Numeric', 2, 1),
(68, 25, 'Solve the equation: 3x^2 - 5x + 2 = 0', 'Numeric', 3, 2),
(69, 25, 'Explain the properties of logarithms.', 'Essay', 5, 3),
(70, 26, 'What is the ideal gas law?', 'Multiple Choice', 1, 2),
(71, 26, 'Calculate the pressure of a gas given its volume, temperature, and number of moles.', 'Numeric', 3, 2),
(72, 26, 'Describe the different states of matter.', 'Essay', 5, 3),
(73, 27, 'What is the function of the kidneys?', 'Multiple Choice', 1, 1),
(74, 27, 'Describe the human digestive system.', 'Short Answer', 3, 2),
(75, 27, 'Explain the process of respiration.', 'Essay', 5, 3),
(76, 28, 'What is the role of the nervous system?', 'Multiple Choice', 1, 1),
(77, 28, 'Describe the structure of the human brain.', 'Short Answer', 3, 2),
(78, 28, 'Explain the function of neurotransmitters.', 'Essay', 5, 3),
(79, 29, 'What is the difference between TCP and UDP?', 'Multiple Choice', 1, 2),
(80, 29, 'Explain the OSI model.', 'Short Answer', 3, 2),
(81, 29, 'Describe the different types of network topologies.', 'Essay', 5, 3),
(82, 30, 'What is cloud computing?', 'Multiple Choice', 1, 2),
(83, 30, 'Explain the different cloud service models (IaaS, PaaS, SaaS).', 'Short Answer', 3, 2),
(84, 30, 'Discuss the security concerns associated with cloud computing.', 'Essay', 5, 3),
(85, 31, 'What is the Renaissance?', 'Multiple Choice', 1, 2),
(86, 31, 'Describe the key features of Renaissance art.', 'Short Answer', 3, 2),
(87, 31, 'Analyze the impact of the Renaissance on European culture.', 'Essay', 5, 3),
(88, 32, 'What was the Industrial Revolution?', 'Multiple Choice', 1, 2),
(89, 32, 'Describe the major inventions of the Industrial Revolution.', 'Short Answer', 3, 2),
(90, 32, 'Discuss the social and economic consequences of the Industrial Revolution.', 'Essay', 5, 3),
(91, 33, 'What is a spreadsheet?', 'Multiple Choice', 1, 1),
(92, 33, 'Explain how to use a formula in a spreadsheet.', 'Short Answer', 2, 1),
(93, 33, 'Describe the different types of charts and graphs that can be created in a spreadsheet.', 'Essay', 5, 2),
(94, 34, 'What is presentation software?', 'Multiple Choice', 1, 1),
(95, 34, 'Explain how to add images and videos to a presentation.', 'Short Answer', 2, 1),
(96, 34, 'Discuss the key elements of an effective presentation.', 'Essay', 5, 2),
(97, 35, 'What is a database management system (DBMS)?', 'Multiple Choice', 1, 2),
(98, 35, 'Explain the concept of normalization in database design.', 'Short Answer', 3, 2),
(99, 35, 'Compare and contrast different types of DBMS.', 'Essay', 5, 3),
(100, 36, 'What is the purpose of a firewall?', 'Multiple Choice', 1, 2);


select * from exams

select * from students

select * from results

select * from questions
